cell_name,A_productive,A_unproductive,B_productive,B_unproductive,D_productive,D_unproductive,G_productive,G_unproductive,clonal_group,group_size
ERR1146416,TRAV7-5_TGAGCGACACC_TRAJ27,TRAV3-3_CAGTGGGGGAACTA_TRAJ26,TRBV31_TGGAGCCCCGGGACAGGGCTCAACC_TRBJ1-5,TRBV31_AGTCTTGACACAAGA_TRBJ2-5,,,,,15.0,3.0
ERR1146417,TRAV12N-3_CTGAG(GGA)TAGCA_TRAJ33,TRAV7-4_GTGAGGGAACTA_TRAJ26,TRBV2_CAAGACGGGGGGGTGTATGA_TRBJ2-7,TRBV3_AGCTTGAGGGGTGCAAAA_TRBJ2-4,,,,,,
ERR1146418,,,TRBV13-2_CGGTGTGTCAGGGGGCGGTGCA_TRBJ2-3,TRBV1_CAGTGACCGGGACAGGCCCTCCAAG_TRBJ2-5,,,,,,
ERR1146419,TRAV13D-1_GTGCTCCCCGTATGTCT_TRAJ21,TRAV8N-2_TGATGCTACCAACCT_TRAJ6,TRBV26_GCAGTTCGATAAACT_TRBJ1-2,,,,,,,
ERR1146420,TRAV6N-7_TGCTCCGAACAC_TRAJ52,,TRBV16_AGCTTTGGCCAAG_TRBJ2-5,,,,,,,
ERR1146421,,,TRBV13-1_GCAGTTGGACAGAGGGTGAAC_TRBJ2-7,,,,,,0.0,2.0
ERR1146422,TRAV6N-7_CTCTGAGCGGTACAG_TRAJ40,,TRBV19_GTATATGGCAGGGGGCAGGGGCTGA_TRBJ2-1,TRBV31_AGTCTAGACATGAA_TRBJ2-7,,,,,10.0,3.0
ERR1146423,TRAV14-2_GCAAGGGGGACCACGG_TRAJ49,,TRBV13-2_GCGGTCTGGGAAGCTCCT_TRBJ2-7,TRBV13-1_TGATGCGGGGGGGGGCGCCCGAAAC_TRBJ2-3,,,,,22.0,2.0
ERR1146424,TRAV4N-4_CTGAGCAAATTTATG_TRAJ32,TRAV14D-1_AAGTGCAAGGGAGCAA_TRAJ33,TRBV13-3_TGATGTGGGGAACAC_TRBJ1-1,TRBV31_AGTCTAAACAGGGAGAAG_TRBJ1-1,,,,,,
ERR1146425,TRAV6N-7_GGGTGTGACTGG_TRAJ44,TRAV7-4_TAGTGTTATAACA_TRAJ27,TRBV4_AGCTACAACTCCT_TRBJ2-7,TRBV12-1_GCTCTACAACAGGGGGGG(C)ACCGG_TRBJ2-2,,,,,7.0,10.0
ERR1146426,TRAV6D-6_GGTGATAGAGGTG_TRAJ45,,TRBV3_AGCGT(A)CTGGGTTATGA_TRBJ2-7,,,,,,,
ERR1146427,TRAV4-2_TTGAGAATAA_TRAJ43,TRAV9D-4_GTGAGGGGGAAGGAGAGGCA_TRAJ37,TRBV4_AGCTACAACTCCT_TRBJ2-7,,,,,,7.0,10.0
ERR1146428,TRAV12D-2_GAGTGGGCCATCC_TRAJ50,,TRBV4_CAGCTTACTGGGGGGCCAAAA_TRBJ2-4,,,,,,24.0,2.0
ERR1146429,TRAV14-1_GCAAGGCAGC_TRAJ58,TRAV13-5_TTCTGTCTGCAAG_TRAJ58,TRBV31_AGTCTAGTTGGAAGGAGCTCCT_TRBJ2-7,,,,,,,
ERR1146430,TRAV6N-7_CTCTGTCGGCCAA_TRAJ48,,TRBV15_AGCAGGGCGACAGGGAGGACCACAG_TRBJ1-1,,,,,,11.0,5.0
ERR1146431,TRAV7-4_CTAGT(GA)CTACA_TRAJ7,,TRBV13-1_TGATGCCTGGTATGA_TRBJ2-7,,,,,,,
ERR1146432,TRAV12-3_GTGCTCTACGGAGTCAAG_TRAJ57,,TRBV13-1_TGATGCACAGTGGGGGTATGA_TRBJ2-7,,,,,,,
ERR1146433,TRAV4-2_TTGAGCGCAAT_TRAJ43,,TRBV2_CAAGAGGGAAACT_TRBJ1-2,,,,,,8.0,2.0
ERR1146434,TRAV12N-3_GCTCTCAAACGGAAT_TRAJ31,TRAV14D-3_DV8_GCAAGGAGGGAAATGC_TRAJ39,TRBV13-3_TGATGCAACGGACTGGGGGGGCGCTAGTGC_TRBJ2-3,,,,,,,
ERR1146435,TRAV9N-2_GAGCGGAAGCTATG_TRAJ26,,TRBV4_CAGCTTACAGGGGTCTGAG_TRBJ2-1,,,,,,4.0,4.0
ERR1146436,TRAV3N-3_CAGTCGATAG_TRAJ18,TRAV5D-4_GCAAGATCTAACA_TRAJ37,,,,,,,,
ERR1146437,TRAV5D-4_TGCTGAGAGAAAC_TRAJ6,,TRBV19_GCAGTCACAGGGGAGGGAACAC_TRBJ1-1,,,,,,,
ERR1146438,TRAV13D-1_GTGCTTTGGAGAATGT_TRAJ38,,TRBV31_CTGGATCCGGGACTGGGGGTATGC_TRBJ2-1,,,,,,,
ERR1146439,,TRAV9N-2_GAGCGCCGGGCCTGGT_TRAJ4,TRBV5_CAAGATCCGGCTGGGCCTAGTGC_TRBJ2-3,TRBV3_CAGCTAGGACTGGGTTCCTTTTATGA_TRBJ2-7,,,,,,
ERR1146440,TRAV5D-4_GCTGCCCTCAGGGGGTCAGGA_TRAJ40,,TRBV13-2_GTGATTACAATAACA_TRBJ1-5,,,,,,,
ERR1146441,TRAV12D-2_GAGTGGGCCATCC_TRAJ50,,TRBV4_CAGCTTACTGGGGGGCCAAAA_TRBJ2-4,,,,,,24.0,2.0
ERR1146442,TRAV4-2_TTGAGAATAA_TRAJ43,TRAV9D-4_GTGAGGGGGAAGGAGAGGCA_TRAJ37,TRBV4_AGCTACAACTCCT_TRBJ2-7,TRBV12-1_GCTCTACAACAGGGGGGG(C)ACCGG_TRBJ2-2,,,,,7.0,10.0
ERR1146443,TRAV12-3_AGTGATCGGGGAGGCA_TRAJ58,TRAV21_DV12_GAGTACGCGGGT_TRAJ49,TRBV16_TTAGATACAAACCA_TRBJ2-5,TRBV3_GCTTATGACGAGGGGCTGGGCACAG_TRBJ1-1,,,,,,
ERR1146444,,,TRBV2_CAAGAGGGAAACT_TRBJ1-2,,,,,,8.0,2.0
ERR1146445,,,TRBV2_CAGCCCTCCGGACAGTTCCT_TRBJ1-6,,,,,,,
ERR1146446,TRAV9N-2_GAGCGGAAGCTATG_TRAJ26,TRAV13N-1_GGAACCGTGAAT_TRAJ39,TRBV4_CAGCTTACAGGGGTCTGAG_TRBJ2-1,,,,,,4.0,4.0
ERR1146447,TRAV4D-4_GCTGCTTGTATAACA_TRAJ37,,TRBV1_GTGCAATGGGGGGAGGGGAAAAGCAG_TRBJ2-1,,,,,,,
ERR1146448,TRAV6-2_TCTGGCCCTTTCCA_TRAJ34,TRAV14-2_CAAGTTGGGCTATG_TRAJ48,,,,,,,,
ERR1146449,,,TRBV4_AGCTACAACTCCT_TRBJ2-7,,,,,,7.0,10.0
ERR1146450,TRAV6N-7_CTCTGAGCGGTACAG_TRAJ40,,TRBV19_GTATATGGCAGGGGGCAGGGGCTGA_TRBJ2-1,,,,,,10.0,3.0
ERR1146451,TRAV12D-2_GAGTGGTCTCAACA_TRAJ9,,TRBV13-2_TGATGCGGGGAGTGC_TRBJ2-3,,,,,,,
ERR1146452,TRAV4-2_TTGAGAATAA_TRAJ43,,TRBV4_AGCTACAACTCCT_TRBJ2-7,,,,,,7.0,10.0
ERR1146453,TRAV4N-4_CTGAGACAACTGCCAG_TRAJ24,,TRBV4_AGCAGTGACACCTTTTCC_TRBJ1-4,,,,,,,
ERR1146454,TRAV9N-2_GAGCGGAAGCTATG_TRAJ26,,TRBV4_CAGCTTACAGGGGTCTGAG_TRBJ2-1,,,,,,4.0,4.0
ERR1146455,TRAV6N-7_TGAGTAACATGGCT_TRAJ56,,TRBV3_CAGCTCGACAGGGGGCACCTAT_TRBJ2-7,TRBV17_AGAGATATCAGCAAAC_TRBJ2-2,,,,,2.0,2.0
ERR1146456,TRAV6N-7_CTCTGTCGGCCAA_TRAJ48,TRAV4D-3_CTGAGCCCCGATGGCT_TRAJ56,TRBV15_AGCAGGGCGACAGGGAGGACCACAG_TRBJ1-1,,,,,,11.0,5.0
ERR1146457,TRAV4-2_TTGAGAATAA_TRAJ43,TRAV9D-4_GTGAGGGGGAAGGAGAGGCA_TRAJ37,TRBV4_AGCTACAACTCCT_TRBJ2-7,TRBV12-1_GCTCTACAACAGGGGGGG(C)ACCGG_TRBJ2-2,,,,,7.0,10.0
ERR1146458,TRAV21_DV12_GAGAGGCTATG_TRAJ48,,TRBV5_CAAGAAGGAGGGAACTA_TRBJ2-1,TRBV31_CCTGGTGACGGGACCACAG_TRBJ1-1,,,,,,
ERR1146459,TRAV6N-7_GGCTGCATCT_TRAJ22,TRAV9N-2_TTTTGGGGATCTG_TRAJ4,TRBV3_GCAGCCAGGATGGGGGGGCGTTTCAAA_TRBJ2-4,TRBV31_GGAGTTCTGGGGGAAGAC_TRBJ2-5,,,,,,
ERR1146460,TRAV4-2_TTGAGAATAA_TRAJ43,TRAV9D-4_GTGAGGGGGAAGGAGAGGCA_TRAJ37,TRBV4_AGCTACAACTCCT_TRBJ2-7,TRBV12-1_GCTCTACAACAGGGGGGG(C)ACCGG_TRBJ2-2,,,,,7.0,10.0
ERR1146461,,,TRBV13-1_CAGTGGGGACTGGGGGGGTGGAGAACA_TRBJ2-7,,,,,TRGV2_TCTGG(AT)AGCTC_TRGJ2,,
ERR1146463,,,,TRBV31_AGTCTAGACATGAA_TRBJ2-7,,,,,10.0,3.0
ERR1146464,TRAV10_CAGCAAGCCATTCT_TRAJ42,,TRBV31_TGGAGCCGGCGGGGACAACTTTCC_TRBJ1-4,,,,,,,
ERR1146465,TRAV6N-7_GAGTGCCCATAAC_TRAJ43,,TRBV26_GCAGTTCCGGGACATATGC_TRBJ2-1,,,,,,,
ERR1146466,TRAV9N-2_GAGCGGAAGCTATG_TRAJ26,,,,,,,,4.0,4.0
ERR1146467,TRAV6N-7_CTCTGTCGGCCAA_TRAJ48,TRAV4D-3_CTGAGCCCCGATGGCT_TRAJ56,TRBV15_AGCAGGGCGACAGGGAGGACCACAG_TRBJ1-1,,,,,,11.0,5.0
ERR1146468,TRAV7-4_TAGTGTGAAT_TRAJ23,,TRBV15_TTTAG(C)AGGGGG(C)ACCGG_TRBJ2-2,,,,,,18.0,2.0
ERR1146469,TRAV4N-4_GCTGCCCCCCGGGCCTAC_TRAJ15,TRAV12N-3_CTGAGCCCCCGCATCT_TRAJ22,TRBV31_AGCCTCCGGGACTGGGGGAACAC_TRBJ2-2,TRBV31_GAGTCGCGACGGGCGGGCACAG_TRBJ1-1,,,,,,
ERR1146470,TRAV7-5_TGAGCGACACC_TRAJ27,TRAV3-3_CAGTGGGGGAACTA_TRAJ26,TRBV31_TGGAGCCCCGGGACAGGGCTCAACC_TRBJ1-5,TRBV31_AGTCTTGACACAAGA_TRBJ2-5,,,,,15.0,3.0
ERR1146471,TRAV4-2_TTGAGAATAA_TRAJ43,TRAV9D-4_GTGAGGGGGAAGGAGAGGCA_TRAJ37,TRBV4_AGCTACAACTCCT_TRBJ2-7,,,,,,7.0,10.0
ERR1146472,TRAV8-1_GCTACCCCCGGGAC_TRAJ12,TRAV7-1_GTGCATCACCGATAG_TRAJ33,TRBV4_AGCTACAACTCCT_TRBJ2-7,,,,,,7.0,10.0
ERR1146473,TRAV4-2_TTGAGCCGAATAA_TRAJ43,,TRBV2_AGCCAGGGACAACAAAA_TRBJ2-4,,,,,,,
ERR1146474,TRAV4N-4_CTGCTTTAACCT_TRAJ6,,TRBV13-1_GTGATCTGGGGGGGCGCCACCAA_TRBJ2-5,,,,,,,
ERR1146475,TRAV4-2_TTGAGAATAA_TRAJ43,TRAV9D-4_GTGAGGGGGAAGGAGAGGCA_TRAJ37,TRBV4_AGCTACAACTCCT_TRBJ2-7,,,,,,7.0,10.0
ERR1146476,TRAV5-1_GCTCATCTACTG_TRAJ2,,TRBV15_TTTAG(C)AGGGGG(C)ACCGG_TRBJ2-2,,,,,,18.0,2.0
ERR1146477,TRAV6N-6_CTGAGCAACA_TRAJ9,,TRBV31_AGTCTCAGGGGGCGCGTTGCAG_TRBJ2-3,,,,,,,
ERR1146478,TRAV6N-7_CTCTGTCGGCCAA_TRAJ48,,TRBV15_AGCAGGGCGACAGGGAGGACCACAG_TRBJ1-1,,,,,,11.0,5.0
ERR1146479,TRAV7-5_TGAGCGACACC_TRAJ27,,TRBV31_TGGAGCCCCGGGACAGGGCTCAACC_TRBJ1-5,,,,,,15.0,3.0
ERR1146480,TRAV4D-4_GCTGCTGAGGATGTT_TRAJ38,,,TRBV31_GGAGTTCCAA_TRBJ1-4,,,,,,
ERR1146481,TRAV6N-7_CTCTGTCGGCCAA_TRAJ48,TRAV4D-3_CTGAGCCCCGATGGCT_TRAJ56,TRBV15_AGCAGGGCGACAGGGAGGACCACAG_TRBJ1-1,,,,,,11.0,5.0
ERR1146482,TRAV14-2_GCAAGGGGGACCACGG_TRAJ49,,TRBV13-2_GCGGTCTGGGAAGCTCCT_TRBJ2-7,,,,,,22.0,2.0
ERR1146483,TRAV19_CAGGTGCTCGGACT_TRAJ12,,TRBV13-1_GCAGTTGGACAGAGGGTGAAC_TRBJ2-7,,,,,,0.0,2.0
ERR1146484,TRAV7N-6_AGTGA(GCA)ATAAC_TRAJ43,,TRBV13-1_GTGATTTGGGGGGAGCCTAT_TRBJ2-7,TRBV14_GTTTCCCCTCGGACAGGGGTATGC_TRBJ2-1,,,,,,
ERR1146485,TRAV7N-4_GTTAGCCGGAAT_TRAJ31,TRAV12D-1_AGTGATAAAAGGGGATTAT_TRAJ32,TRBV13-2_GGTGAAGGGACAGGGGGCGATGAA_TRBJ2-7,,,,,,,
ERR1146486,TRAV6N-7_TGAGTAACATGGCT_TRAJ56,,TRBV3_CAGCTCGACAGGGGGCACCTAT_TRBJ2-7,TRBV17_AGAGATATCAGCAAAC_TRBJ2-2,,,,,2.0,2.0
ERR1146487,TRAV12D-2_TTGAGGGGGGATA_TRAJ33,TRAV13D-1_GTGCTTTGGAATAACA_TRAJ27,,,,,,,3.0,2.0
ERR1146488,TRAV13N-2_CTATAATTATGTCT_TRAJ21,,TRBV13-3_GTGAT(G)GGGGGCTCCAAG_TRBJ2-5,,,,,,,
ERR1146489,,,TRBV13-3_GCAGTTCCGGGACTGGGGGGGCGGTCTCTGAAC_TRBJ2-7,,,,,,,
ERR1146490,TRAV13N-1_GGAACGGGAAACTGG_TRAJ12,TRAV13N-2_TGCTAGATCACCTC_TRAJ6,TRBV19_AGTATGAACAATTATGA_TRBJ2-7,TRBV29_TAGCAAGGGACTGGGGGAACAC_TRBJ2-2,,,,,21.0,3.0
ERR1146491,TRAV3-3_CAGTC(A)ACACT_TRAJ52,,TRBV3_CAGCTCCTCTGGGGGTAGTCA_TRBJ2-4,,,,,,,
ERR1146492,,,TRBV26_AGCCTCAGGGCCGAAA_TRBJ1-4,,,,,,,
ERR1146493,TRAV14D-2_GCAAGAGCATCT_TRAJ22,,TRBV5_CCAAGCTCAAAACCA_TRBJ2-5,TRBV3_CTTAGGGCTC_TRBJ1-5,,,,,,
ERR1146494,TRAV13N-1_GGAACGGGAAACTGG_TRAJ12,,TRBV19_AGTATGAACAATTATGA_TRBJ2-7,,,,,,21.0,3.0
ERR1146495,TRAV16N_ATGAGGATGAAT_TRAJ23,,TRBV2_CAAGATGGCACAGGGAATGCAG_TRBJ2-3,,,,,,,
ERR1146496,TRAV4D-4_GCTGCTGAGGAAACAGG_TRAJ40,,TRBV3_GCAGCCCCCGGGACTGGGGGGGAGAACA_TRBJ2-7,,,,,,,
ERR1146497,TRAV9N-2_TTGAGGTCTTGGACCAA_TRAJ34,,TRBV17_AGTAGGGGGACAGCAAAC_TRBJ1-1,,,,,,,
ERR1146499,TRAV13N-1_TATGGTGTCTTC_TRAJ22,,TRBV3_AGCTTGAGGGGGCGGGCTGA_TRBJ2-1,,,,,,,
ERR1146500,TRAV19_CAGGTGCAGCGGGT_TRAJ49,,,TRBV13-2_GCGGTCCATAGGGGGGGAGGAACA_TRBJ2-7,,,,,,
ERR1146501,TRAV6D-6_AGTGAAGGCTCAGC_TRAJ18,,TRBV19_AGTATCGGGACTGGGGGTGCTG_TRBJ2-1,TRBV3_CAGCTCCTCCGGGACTTTTATGC_TRBJ2-1,,,,,,
ERR1146502,TRAV9-1_GAGCGGTTATA_TRAJ23,,,,,,,,,
ERR1146503,TRAV4N-4_TGAGGCCGCGGACT_TRAJ7,,TRBV3_CAGCTCCCAAG_TRBJ2-5,,,,,,1.0,2.0
ERR1146504,TRAV6-3_ATGAGCCCCAAC_TRAJ48,TRAV13-4_DV7_TATAG(G)GCTTT_TRAJ35,TRBV15_AGCAGAAGGACAGGGAGAAATACAGA_TRBJ1-1,,,,,,,
ERR1146505,TRAV8D-1_TACTG(A)CCAGG_TRAJ15,,TRBV4_GCCAA(G)GACTGGGGGGGCGCGGGC_TRBJ2-2,,,,,,,
ERR1146506,,TRAV6D-6_GGTGAGAGAATA_TRAJ31,TRBV3_CTTAGAGGGGG(ACT)CCGAC_TRBJ1-2,,,,,,,
ERR1146507,,TRAV5D-4_GCTGCCGAACA_TRAJ49,TRBV2_GCCAAAGAGACAATAACT_TRBJ2-1,,,,,,,
ERR1146508,TRAV12-3_GTGCTCTGAAGCCCTATG_TRAJ48,,TRBV4_GCAGCCGGGACTGGGGGGG(C)TCCTA_TRBJ2-7,,,,,,,
ERR1146510,TRAV4D-4_GCTGCTGAGAGGGGAGGAGG_TRAJ56,,TRBV2_CCAAGGAGGGGCCTCCAA_TRBJ1-4,,,,,,12.0,2.0
ERR1146511,TRAV12D-2_TTGAGGGGGGATA_TRAJ33,TRAV13D-1_TGGAATAACA_TRAJ27,TRBV3_CAGCACCCAGACAGGGGGCAACTC_TRBJ1-2,,,,,,3.0,2.0
ERR1146512,TRAV6N-7_TGAGT(G)CCAAC_TRAJ48,TRAV19_CAGGTATACA_TRAJ45,TRBV15_AGCAGATCGACAGGGAGGACCGG_TRBJ2-2,,,,,,,
ERR1146513,TRAV7-1_TGCAGAAAACTAC_TRAJ7,TRAV3-1_CAGTGAGGGACT_TRAJ7,TRBV5_CAAGACCTGGGGGGGCCCACCG_TRBJ2-2,TRBV14_AGTTTATACGGGACAGTTTAAGAC_TRBJ2-5,,,,,,
ERR1146514,,TRAV9D-4_ATCCA(C)AACTA_TRAJ48,TRBV19_AGCAGACGACAGGGTGGGACAGA_TRBJ1-1,TRBV24_CTGTAGACAGGGTCCTA_TRBJ2-7,,,,,,
ERR1146515,TRAV7N-6_CAGTGTATGGAG_TRAJ42,TRAV12-3_AGTGATCAGCACGG_TRAJ49,TRBV19_GCAGTCCCTCGGGACAGGGTGACGAA_TRBJ1-4,,,,,,,
ERR1146516,,,TRBV13-2_AGCGGGGGACAGGGGGAAGAC_TRBJ2-5,,,,,,,
ERR1146517,,TRAV7N-5_TGAGCCCCAGCAT_TRAJ50,TRBV1_TGCAGGGGACTGGGGTTATGC_TRBJ2-1,,,,,,,
ERR1146518,TRAV4N-4_TGAGGCCGCGGACT_TRAJ7,TRAV13N-3_GTGCTCCTTGATCTAC_TRAJ28,TRBV3_CAGCTCCCAAG_TRBJ2-5,,,,,,1.0,2.0
ERR1146520,TRAV14D-3_DV8_AAGTGGGGGCAC_TRAJ58,,TRBV29_AGCAGCCAGGGGGCGCGGGGCACCC_TRBJ2-5,,,,,,,
ERR1146521,,,TRBV2_CCAAGGAGGGGCCTCCAA_TRBJ1-4,,,,,,12.0,2.0
ERR1146522,TRAV5D-4_TGCAAACACA_TRAJ30,,TRBV30_AGGGACAATACAGA_TRBJ1-1,,,,,,,
ERR1146523,,,TRBV4_GCAGCATACTGGGGGGGAACTA_TRBJ2-1,,,,,,,
ERR1146524,TRAV8-1_TGATGCCGGCAACA_TRAJ9,,TRBV16_GCTTA(GA)CAGGGTGGGAAACA_TRBJ2-4,,,,,,,
ERR1146525,TRAV13N-1_GGAACGGGAAACTGG_TRAJ12,,TRBV19_AGTATGAACAATTATGA_TRBJ2-7,TRBV29_TAGCAAGGGACTGGGGGAACAC_TRBJ2-2,,,,,21.0,3.0
ERR1146526,,TRAV6N-7_CTGGG(TG)TCTAA_TRAJ21,,,,,,,,
ERR1146527,,TRAV6-5_GAGTGGATAAC_TRAJ26,,,,,,,,
ERR1146528,TRAV14-2_TGTGCGGGGGGGCCCAAT_TRAJ34,TRAV12D-2_TTTGAAGGGGCTACAG_TRAJ40,,,,,,,,
ERR1146529,TRAV6N-7_GGTGATCTAC_TRAJ28,,,,,,,,,
ERR1146530,TRAV6D-6_GGTGATCAGGTGACAGG_TRAJ37,,TRBV3_GCTTAAACTGGGGGTATGA_TRBJ2-7,,,,,,,
ERR1146531,TRAV4D-4_GCTGCTGACAACAG_TRAJ53,,,,,,,,,
ERR1146532,TRAV3N-3_TCAGTCCGGGGA_TRAJ5,,TRBV13-2_CGGTGGCGACAGTACAAAC_TRBJ1-2,,,,,,23.0,4.0
ERR1146533,TRAV7-4_AGTGAAATGTCT_TRAJ21,,TRBV13-2_CGGTGCCCCCAGGCGAAACT_TRBJ1-2,,,,,,,
ERR1146534,TRAV6N-7_CTGGGGGCATCT_TRAJ22,TRAV6D-7_GAGTGGATAAC_TRAJ26,,,,,,,,
ERR1146535,TRAV6-2_GTTCT(GGG)GACTG_TRAJ12,,,,,,,,17.0,6.0
ERR1146536,TRAV14-2_CAAGTAGTAATA_TRAJ39,TRAV13D-3_ATGGATAACA_TRAJ37,TRBV31_AGTCTAGACTGGGGCCAAG_TRBJ2-5,,,,,,,
ERR1146537,TRAV6-4_GTTGATTCTG_TRAJ22,,TRBV4_CAGCTTTCAGAACAC_TRBJ1-1,,,,,,,
ERR1146538,TRAV6N-7_CTGGGCCTGAGCAACA_TRAJ9,TRAV7-4_CAGCTGGGGGGGGGCAACA_TRAJ9,TRBV5_CCAAGTAGGACTGGGGGGGGCCTAT_TRBJ2-7,TRBV20_TGCTA(GG)ACAGGGCCAACC_TRBJ1-5,,,,,6.0,2.0
ERR1146540,TRAV7D-3_GTGCATCAAAT_TRAJ13,,TRBV19_CAGCA(G)CCCCACAACAAAC_TRBJ1-1,,,,,,19.0,4.0
ERR1146541,,,TRBV13-3_AGCAGGCCAGGGGGCGGTGCA_TRBJ2-3,,,,,,17.0,6.0
ERR1146543,TRAV12-3_GTGCTCTGAAGACTTC_TRAJ16,,,,,,,,,
ERR1146544,,,TRBV19_CAGTACATATAA_TRBJ1-6,,,,,,,
ERR1146545,TRAV7D-3_GTGCATCAAAT_TRAJ13,TRAV9N-1_TGTGAAGGCAGGC_TRAJ37,TRBV19_CAGCA(G)CCCCACAACAAAC_TRBJ1-1,,,,,,19.0,4.0
ERR1146546,TRAV4N-4_GCTGATGCGGGAG_TRAJ15,,TRBV13-2_CAGCGCTACAGGGGAGGACAAC_TRBJ1-5,,,,,,,
ERR1146547,TRAV13N-2_AGATCGGGGCACCA_TRAJ27,TRAV3-3_CAGTGGGAGGGCTT_TRAJ35,,,,,,,20.0,4.0
ERR1146548,TRAV21_DV12_GTATCGGGGTGAAGCAGC_TRAJ58,,,,,,,,9.0,4.0
ERR1146549,,,TRBV31_GGAGTGCCGGGGACAGGGGG(C)AAGAC_TRBJ2-5,,,,,,,
ERR1146550,,,TRBV13-1_GTGATTCCCTGGGGAGAACGC_TRBJ2-3,,,,,,,
ERR1146551,TRAV6-2_GTTCT(GGG)GACTG_TRAJ12,TRAV11_GTGGGACATGAAT_TRAJ32,TRBV13-3_AGCAGGCCAGGGGGCGGTGCA_TRBJ2-3,,,,,,17.0,6.0
ERR1146553,TRAV13D-2_TATAGTTGGAG_TRAJ12,,TRBV20_TGCTA(GGGA)CTGGGGGGCTGCAG_TRBJ2-3,,,,,,,
ERR1146554,TRAV6N-7_CTGGGGATGAAT_TRAJ23,TRAV12-3_AGTGATCCCCCGTTAA_TRAJ40,TRBV30_TTCTA(G)GGGGGCGCAAAA_TRBJ2-4,,,,,,26.0,2.0
ERR1146555,TRAV5D-4_GCTGCGCGCAAT_TRAJ43,,,,,,,,,
ERR1146556,TRAV9-1_GAGCGCGAAGAATA_TRAJ31,TRAV17_ACTGGAGGGAACA_TRAJ49,TRBV14_GCAGTAGCCAGAACTA_TRBJ2-1,,,,,,,
ERR1146557,TRAV21_DV12_GAGAGAGAATT_TRAJ32,,,,,,,,14.0,2.0
ERR1146558,,,TRBV13-2_AGCGGCCGGGACAGGGGGAATGAA_TRBJ2-7,,,,,,,
ERR1146559,TRAV6N-7_CTGGGCCTGAGCAACA_TRAJ9,,TRBV5_CCAAGTAGGACTGGGGGGGGCCTAT_TRBJ2-7,,,,,,6.0,2.0
ERR1146560,,,TRBV5_CAAGATTCTG_TRBJ1-3,,,,,,,
ERR1146561,TRAV6D-5_GCTCTCGACTATAA_TRAJ23,,TRBV1_GTGCA(G)GACAATATGA_TRBJ2-7,,,,,,13.0,2.0
ERR1146562,TRAV6N-7_CTGGGGATGAAT_TRAJ23,,TRBV30_TTCTA(G)GGGGGCGCAAAA_TRBJ2-4,TRBV16_CAGCTCACTGGGGGGGGGGGGGATGCAG_TRBJ2-3,,,,,26.0,2.0
ERR1146563,TRAV6N-7_GGGGAGGGAGGT_TRAJ18,,TRBV19_CAGTACTCTCGACTGGGGCCAAG_TRBJ2-5,,,,,,,
ERR1146564,,TRAV8D-1_GCTAC(TGA)ATTAT_TRAJ23,TRBV5_CAGCCCCAGGGGGGGGGGAGAAA_TRBJ2-3,,,,,,,
ERR1146565,TRAV12-3_AGTGAAGCAT_TRAJ50,,TRBV13-3_AGCAG(TG)GGGGGGCGCCTGGA_TRBJ1-3,,,,,,,
ERR1146566,TRAV14D-3_DV8_CAAGTTCATCC_TRAJ50,,TRBV26_AGTCTCCGGGACATAAACA_TRBJ2-4,,,,,,,
ERR1146567,TRAV14-2_GCAAG(T)TCTGG_TRAJ13,,TRBV5_CCAAGCAGGTAGGAGCTCCT_TRBJ2-7,,,,,,,
ERR1146568,TRAV17_ACTGGAGGATGGAAG_TRAJ42,TRAV7-5_GAGCATGTTGATTCT_TRAJ42,TRBV19_AGTATCCGCAGTAGTCA_TRBJ2-4,,,,,,,
ERR1146571,,,TRBV16_AGCTTTCAGGGAAACT_TRBJ1-2,,,,,,,
ERR1146572,TRAV7-2_GCAAGGACGGG_TRAJ49,,TRBV13-2_TGATGCGACAGGAAACA_TRBJ2-2,,,,,,,
ERR1146573,,TRAV6-5_AGTGAAAAATTA_TRAJ23,TRBV16_CTTAGGGGACAGGGGGCGCGAACA_TRBJ2-7,,,,,,,
ERR1146574,TRAV13-2_AGATCGGGGCACCA_TRAJ27,TRAV3-3_CAGTGGGAGGGCTT_TRAJ35,TRBV23_GCAGTACTACTGGGTTTCAAA_TRBJ2-4,,,,,,20.0,4.0
ERR1146576,,,TRBV13-2_CGGTGGCGACAGTACAAAC_TRBJ1-2,,,,,,23.0,4.0
ERR1146580,,,TRBV19_GCAGTTGGGACAACTATG_TRBJ2-7,,,,,,,
ERR1146582,,,TRBV1_GTGCA(G)GACAATATGA_TRBJ2-7,,,,,,13.0,2.0
ERR1146584,,,TRBV26_AGCAGCCGGGTCCTCTATG_TRBJ2-7,,,,,,,
ERR1146585,TRAV3N-3_TCAGTCCGGGGA_TRAJ5,TRAV13D-3_GGAACCAGGACT_TRAJ12,TRBV13-2_CGGTGGCGACAGTACAAAC_TRBJ1-2,,,,,,23.0,4.0
ERR1146587,TRAV7D-3_GTGCATCAAAT_TRAJ13,,TRBV19_CAGCA(G)CCCCACAACAAAC_TRBJ1-1,,,,,,19.0,4.0
ERR1146588,TRAV6D-5_TCTGGACTATAA_TRAJ23,TRAV9-1_GAGCGCACGG_TRAJ49,,,,,,,,
ERR1146589,TRAV7D-3_GTGCATCAAAT_TRAJ13,,TRBV19_CAGCA(G)CCCCACAACAAAC_TRBJ1-1,,,,,,19.0,4.0
ERR1146590,,,TRBV13-2_TGATGGTGGGG(C)CTATG_TRBJ2-7,,,,,,,
ERR1146591,TRAV12D-2_AGTGAGGCTGGA_TRAJ42,TRAV9-1_GAGCGCGGCTTGGAA_TRAJ48,TRBV16_AGCTTCGGACAGGGTGAAC_TRBJ2-7,,,,,,,
ERR1146592,TRAV13N-1_CTATGAAGCCCACGG_TRAJ49,,TRBV13-1_CAGTGTGACAAACCA_TRBJ1-5,TRBV17_CAGTACCCCGCAAACCAAAC_TRBJ1-1,TRDV2-2_AGCGCGCTTGGCATATCCCCTATCGGAGGGATACGAGCTTAGGCAAAC_TRDJ1,,,,,
ERR1146593,TRAV9D-1_TGTGACCAGGAAT_TRAJ31,,TRBV13-2_TGATGCGGGTCAA_TRBJ2-4,,,,,,,
ERR1146594,TRAV9N-2_GAGCGGCAAT_TRAJ31,,TRBV4_AGCTACACAAATAACCA_TRBJ2-5,,,,,,,
ERR1146595,TRAV13N-2_AGATCGGGGCACCA_TRAJ27,,,,,,,,20.0,4.0
ERR1146596,TRAV14-3_CAGCAGACACG_TRAJ49,,,,,,,,,
ERR1146597,TRAV4N-4_TGAGGAGAGTGG_TRAJ53,,TRBV26_AGCAGGCCGGGACTGGGGGGGCCGAACAC_TRBJ2-4,,,,,,16.0,2.0
ERR1146599,,,TRBV13-3_AGCAGGCCAGGGGGCGGTGCA_TRBJ2-3,,,,,,17.0,6.0
ERR1146600,TRAV14D-1_AAGTGGAGGAGG_TRAJ53,,TRBV1_GCAGATACCCTGGGGGGAGGGGCTGA_TRBJ2-1,,,,,,5.0,2.0
ERR1146601,TRAV13N-2_AGATCGGGGCACCA_TRAJ27,TRAV3-3_CAGTGGGAGGGCTT_TRAJ35,TRBV23_GCAGTACTACTGGGTTTCAAA_TRBJ2-4,,,,,,20.0,4.0
ERR1146602,TRAV7N-6_TGAGCTCTAAC_TRAJ17,TRAV6D-5_GGGGATCTATG_TRAJ26,,,,,,,,
ERR1146604,,,TRBV19_GCAGTCGGGACTGGGGGGCCCCTTATGA_TRBJ2-7,,,,,,,
ERR1146605,TRAV6-2_GTTCT(GGG)GACTG_TRAJ12,,TRBV14_AGCAGACGACTGGGGGGGGGAAACCA_TRBJ2-5,,,,,,17.0,6.0
ERR1146606,,,TRBV1_CAGTGACCGGGCCGCAAAC_TRBJ1-1,,,,,,,
ERR1146607,TRAV21_DV12_GAGAGAGAATT_TRAJ32,,TRBV2_CAGCCCCGGGACAGGGG(G)TGCAG_TRBJ2-3,,,,,,14.0,2.0
ERR1146609,TRAV6-2_TGGGTACCGGAGG_TRAJ12,TRAV7N-4_TAGTGTTCAAAT_TRAJ13,TRBV13-3_CAGCA(G)GACTGGGGGGGGTGCA_TRBJ2-3,TRBV4_AGCAGGCCTAGGGGGGGTCTATG_TRBJ2-1,,,,,25.0,2.0
ERR1146610,,,TRBV13-3_GTGATTCGACAGGGGGCCACACA_TRBJ1-1,,,,,,,
ERR1146611,,,TRBV5_CAAGATCCGGGGAGCTCCT_TRBJ2-7,,,,,,,
ERR1146612,TRAV11_GGGCGCATCT_TRAJ22,,TRBV3_CAATGCACTGGAGGACTCAGCTGTGTACTTCTGTGCCAGCAGCTCGACTGGGGGGGCGCGGTATGC_TRBJ2-1,,,,,,,
ERR1146613,,TRAV7N-4_TAGTGTTCAAAT_TRAJ13,TRBV13-3_CAGCA(G)GACTGGGGGGGGTGCA_TRBJ2-3,TRBV4_AGCAGGCCTAGGGGGGGTCTATG_TRBJ2-1,,,,,25.0,2.0
ERR1146614,TRAV5D-4_GCTGCCTTCGGTTCTAA_TRAJ21,,TRBV2_CAGCCCCCAGGGGGGGACTAGTGC_TRBJ2-3,,,,,,,
ERR1146615,TRAV7N-6_GTGAGTGGAAA_TRAJ37,,TRBV14_AGTTTTGACAACAC_TRBJ1-1,,,,,,,
ERR1146617,TRAV9N-2_TGAGCCGGAAT_TRAJ31,,TRBV13-3_GCAGTCGGACTGGGGGGAGAGACA_TRBJ2-5,TRBV12-2_CTCTCGGACTGGGGGGGCGCCCGGG_TRBJ2-2,,,,,,
ERR1146618,TRAV4N-4_TGAGGAGAGTGG_TRAJ53,,TRBV26_AGCAGGCCGGGACTGGGGGGGCCGAACAC_TRBJ2-4,,,,,,16.0,2.0
ERR1146619,TRAV12N-3_GCTCTTCTTAATTC_TRAJ42,,TRBV16_AGCTTCGGCCAAG_TRBJ2-5,,,,,,,
ERR1146620,TRAV21_DV12_GTATCGGGGTGAAGCAGC_TRAJ58,TRAV14D-3_DV8_AAGTGGGGTAAAAGAATT_TRAJ32,TRBV20_GCTAGTTGGACAGCTAGTGC_TRBJ2-3,,,,,,9.0,4.0
ERR1146621,TRAV3N-3_TCAGTCCGGGGA_TRAJ5,TRAV13D-3_GGAACCAGGACT_TRAJ12,,,,,,,23.0,4.0
ERR1146622,TRAV12N-3_CTGAGAACAGCAT_TRAJ50,TRAV13D-1_GTGCTTTGGGTCACAGG_TRAJ40,,,,,,,,
ERR1146623,TRAV6-5_TCTGA(G)GAATA_TRAJ31,,TRBV15_AGTTT(A)CAGGGGGCGGGAAACA_TRBJ2-2,TRBV4_GCAGCCCGGACAACCCAAG_TRBJ2-5,,,,,,
ERR1146624,TRAV3N-3_GTCAGCGACATG_TRAJ9,,TRBV3_GCTTA(G)ACTGGGGGAGCTCCT_TRBJ2-7,TRBV20_TGCTACACAGGGGAGACACA_TRBJ1-1,,,,,,
ERR1146625,TRAV6N-7_TGAGTTCTCCATCC_TRAJ50,,,,,,,,,
ERR1146626,,,TRBV1_GCAGATACACCAAAC_TRBJ2-2,,,,,,,
ERR1146627,TRAV13N-4_CTATGTACAA_TRAJ21,,TRBV3_CTTAGACGGACAGGGAGACGAA_TRBJ1-4,,,,,,,
ERR1146628,,,TRBV3_GCAGCGGGGACTGGGGG(G)AACAG_TRBJ2-7,,,,,,,
ERR1146629,TRAV7D-3_GTGAGAGCATCT_TRAJ22,,TRBV1_GCAGAAACGGACACA_TRBJ1-1,,,,,,,
ERR1146630,,,TRBV4_CAGCTTTACTGGGGGGGATGCT_TRBJ2-1,,,,,,,
ERR1146631,,,TRBV13-1_GCAGTAGGGACAGGGGGCTCTCCG_TRBJ1-2,,,,,,,
ERR1146632,TRAV14D-1_AAGTGGAGGAGG_TRAJ53,,TRBV1_GCAGATACCCTGGGGGGAGGGGCTGA_TRBJ2-1,,,,,,5.0,2.0
ERR1146633,TRAV21_DV12_GTATCGGGGTGAAGCAGC_TRAJ58,,TRBV19_GTATATTGGGGGGGCCTAGTGC_TRBJ2-3,,,,,,9.0,4.0
ERR1146634,TRAV9N-2_TTGAGGACAACTGCCAG_TRAJ24,TRAV4N-4_TGCTGAGGGGGGAG_TRAJ32,TRBV1_GCAGAGTGGGGGGGGACCGG_TRBJ2-2,,,,,,,
ERR1146635,,,TRBV13-3_AGCAGGCCAGGGGGCGGTGCA_TRBJ2-3,,,,,,17.0,6.0
ERR1146636,,,TRBV19_GTATATTGGGGGGGCCTAGTGC_TRBJ2-3,,,,,,9.0,4.0
ERR1146637,TRAV14D-3_DV8_AGCAACCAGTG_TRAJ53,TRAV19_GCAGCCCGCGCAAT_TRAJ43,TRBV3_CTTAGAGACAAAC_TRBJ1-1,,,,,,,
ERR1146638,,,TRBV1_TGCAGCACAACAAAC_TRBJ1-1,,,,,,,
ERR1146639,,TRAV6D-6_CTGGGCGCCTGATGGA_TRAJ48,TRBV13-2_CGGTGCAGCAAGGGGAGAAG_TRBJ1-1,,,,,,,
ERR1146640,,TRAV19_CAGGTGCGGGGGCAAG_TRAJ58,,TRBV4_GCTAATTCAACTC_TRBJ1-2,,,,,,
ERR1146641,TRAV14-2_CAAGTCCAGGC_TRAJ37,TRAV14D-1_GCAGCCCTTTGAAT_TRAJ39,TRBV2_GCCAA(GA)CAGGGACCAA_TRBJ2-5,TRBV13-3_AGCAGCCCCCCGGGACTGGGGAGCTTATAACT_TRBJ2-1,,,,,,
ERR1146642,,,TRBV19_GCAGTCCCGACAGGGGAACAAAC_TRBJ1-2,,,,,,,
ERR1146643,TRAV14-2_CAAGTTCTGCTAAC_TRAJ52,,TRBV5_GCAGCAACAGGGGGCCGGGCACAG_TRBJ1-1,TRBV4_CAGCTGGACAGGGCTGGTTAAACA_TRBJ1-1,,,,,,
ERR1146644,TRAV16D_DV11_ATGAGGTGGGGAGGT_TRAJ18,TRAV9-1_TGAGC(G)GAATA_TRAJ31,TRBV19_CAGTAGGACAGGGGAGGGCACAG_TRBJ1-1,,,,,,,
ERR1146645,TRAV7-1_TGCAGAGTCCTCCCCAGGC_TRAJ37,,TRBV19_AGTATGGCAGATTCTG_TRBJ1-3,,,,,,,
ERR1146646,,,TRBV15_TTCAGGAAACA_TRBJ1-1,,,,,,,
ERR1146647,TRAV14D-3_DV8_GCAAGGGGGGCTTCA_TRAJ16,TRAV13N-1_TGGAAGCTTTCTG_TRAJ13,TRBV5_GCCAACCGGGACTAAGCTCCT_TRBJ2-7,,,,,,,
ERR1146648,TRAV4D-4_GCTGCTGTGATAACA_TRAJ37,,,,,,,,,
ERR1146649,TRAV4N-4_TGAGGGAAGTGC_TRAJ17,,TRBV4_CAGCTTCAGCCTTTCC_TRBJ1-4,,,,,,,
ERR1146650,TRAV7N-6_GAGCATGAAT_TRAJ23,,TRBV1_TGCAGTAACTGGGGGCTCCT_TRBJ2-7,TRBV15_GTTTACGGGACAAGGGG(G)TGCAG_TRBJ2-3,,,,,,
ERR1146651,TRAV9N-4_GAGCAGGAAT_TRAJ31,,TRBV3_AGCAGTCCAGGGGGCGCTCCTGGA_TRBJ1-3,,,,,,,
ERR1146652,TRAV4N-4_CTGAGCCCTAC_TRAJ15,TRAV13D-4_TGCTAAATGTCT_TRAJ21,TRBV26_AGCAGAGGGACAGGGTTACCCGAC_TRBJ1-2,TRBV29_CAGTTCGGGACAGGGGATGCT_TRBJ2-1,,,,,,
ERR1146653,TRAV14-2_AAGTGATGACA_TRAJ30,,TRBV13-1_GCAGTTACAGGGAGGGG(GC)TGAGC_TRBJ2-1,,,,,,,
ERR1146654,TRAV13N-1_GCTATCTCCCTCTCTTC_TRAJ34,TRAV6-7_DV9_TGAGTGTATGGTTACCA_TRAJ34,TRBV31_AGTCTTGGGGGGGGTCAA_TRBJ2-4,TRBV24_CAGTCCTCAAAC_TRBJ1-1,,,,,,
ERR1146655,,,TRBV15_AGCAGCCCCCCGGTTAGTGC_TRBJ2-3,,,,,,,
ERR1146656,TRAV4N-4_CTGCTCTTTATAGA_TRAJ18,,TRBV19_AGCAGCCCCGACAGGGGAAGCGCAGA_TRBJ2-3,,,,,,,
ERR1146658,TRAV14D-3_DV8_CAAGTTTGGAT_TRAJ33,TRAV4D-3_GCTGCGTAATG_TRAJ38,TRBV19_AGCAGACGACTGGGGGACTAT_TRBJ2-1,,,,,,,
ERR1146659,TRAV7-4_CAGCTGGGTATAA_TRAJ23,,,TRBV13-2_CGGTGGAGAATTCTG_TRBJ1-3,,,,,,
ERR1146660,TRAV14D-3_DV8_GCAAGAGACGTTAC_TRAJ44,,TRBV4_CAGCTTGGGGGGAGGGGGCTATG_TRBJ2-7,,,,,,,
ERR1146661,TRAV5D-4_GCTGCCCCCAATTA_TRAJ23,,TRBV15_AGTTTTGGACAGAGTGC_TRBJ2-3,TRBV17_AGAGATGAGGACTGGGGGGGGCAGA_TRBJ2-3,,,,,,
ERR1146662,TRAV7-3_GAGCATGCAGGATGGAG_TRAJ53,,TRBV12-1_CTCTCGGAGGCACCT_TRBJ2-4,,,,,,,
ERR1146663,TRAV6D-6_TGTGCAACCGG_TRAJ37,,TRBV30_CTAGAAGGGATAACT_TRBJ2-1,,,,,,,
ERR1146664,,TRAV9D-1_GTGAGGTGATTAT_TRAJ32,TRBV13-2_AGCGGCCGACTTGCAG_TRBJ2-3,,,,,,,
ERR1146665,,,TRBV13-1_GCAGT(GA)CAGGGAAGGGGCAGA_TRBJ2-3,,,,,,,
ERR1146666,TRAV17_ACTGGAGAACA_TRAJ49,,TRBV20_CTAGG(G)GGACTGGTGCTTATGA_TRBJ2-7,,,,,,,
ERR1146667,TRAV16N_AGAGA(G)GGGAC_TRAJ12,,TRBV15_AGTTTGCTGGGGGGGCGCTATG_TRBJ2-1,TRBV19_GTATAAGGACTGGGGGTATGA_TRBJ2-7,,,,,,
ERR1146668,TRAV9D-4_GAGCGCGGACAGCAA_TRAJ33,,TRBV13-1_CAGTGGGGACAGGGGGCGCGGTGCA_TRBJ2-3,,,,,,,
ERR1146669,TRAV14D-1_AAGTGCAGATAAC_TRAJ26,,,TRBV5_CAGCCCCCGGACAGAGCTCCT_TRBJ2-7,,,,,,
ERR1146670,TRAV6-4_TCTGGCCGATTCCA_TRAJ34,TRAV8D-2_GCTACCCTCTAC_TRAJ28,TRBV16_TTAGATCAAGAGAACAA_TRBJ1-5,,,,,,,
ERR1146671,,,TRBV19_GTATAACCTGGGGACAAACAAAC_TRBJ1-1,,,,,,,
ERR1146672,,,TRBV5_CAAGATAACTGGGGGTCAAACA_TRBJ2-4,,,,,,,
ERR1146673,,,TRBV5_CAAGATAGGGACTGGGGCAGTGC_TRBJ2-3,,,,,,,
ERR1146674,TRAV5D-4_AAGTGGGAATAA_TRAJ39,,TRBV13-2_GGTGAGATGGGGGTCGCTGA_TRBJ2-1,TRBV24_CACTCCAGGGGGCTTCTATG_TRBJ2-1,,,,,,
ERR1146675,TRAV12D-1_CTCTGGTAGAT_TRAJ18,,TRBV4_GCAGCCGGGACAGGGGGCTGTATAA_TRBJ1-6,,,,,,,
ERR1146677,TRAV6D-5_TGGGA(GA)CACAA_TRAJ30,,TRBV19_AGTATTGAGACAGGGAACAC_TRBJ1-1,,,,,,,
ERR1146678,,,TRBV15_AGTTT(A)CTGGGAGGAGAACA_TRBJ2-7,,,,,,,
ERR1146679,TRAV21_DV12_AGTAGACCACAGT_TRAJ53,,TRBV20_TGCTA(GGGA)CTGGGGGGGCGCATGGGACACC_TRBJ2-4,TRBV5_CAAGAAGAGGGA(CT)ATGAA_TRBJ2-7,,,,,,
ERR1146680,TRAV4N-3_TGAGGTGGAT_TRAJ33,,TRBV12-2_CTCTCAGGGACATTCCA_TRBJ1-4,,,,,,,
ERR1146681,TRAV7-5_GAGCATGGAGTATGG_TRAJ32,TRAV8D-1_TGCTATCCCTCACAGG_TRAJ40,TRBV2_GCCAACCAGGGGG(C)ACCGG_TRBJ2-2,,,,,,,
ERR1146682,TRAV7-4_GCTAGATCTT_TRAJ22,,TRBV2_CAGCCGGGACTCTAGTGC_TRBJ2-3,,,,,,,
ERR1146683,TRAV16N_GAGAGGGGTCTA_TRAJ21,TRAV9N-3_GAGCATCTAACT_TRAJ26,TRBV2_CAGCCGGGACAGGGGGCGCAACTC_TRBJ1-2,,,,,,,
ERR1146684,TRAV4N-4_GCTGCGCCCCCTAGCAACA_TRAJ9,TRAV1_TGAGGTCCCTTCC_TRAJ34,TRBV31_CTCTG(TG)GGGGGGTTAACT_TRBJ2-1,,,,,,,
ERR1146685,TRAV12D-2_GAGTGGGGATA_TRAJ33,,TRBV13-2_TGATGCAGGGAGGGG(C)TCCGA_TRBJ1-2,,,,,,,
